Brand,Description,Price,Ratings,Reviews
Casio,Vintage Digital Stainless Steel Grey Dial Silver Band Unisex Watch A-158WA-1Q ( D011 ),"1,695",4.4 out of 5 stars,"39,698"
Fire-Boltt,"Fire-Boltt Ninja Call Pro Plus 1.83"" Smart Watch with Bluetooth Calling, AI Voice Assistance, 100 Sports Modes IP67 Rating, 240 * 280 Pixel High Resolution","1,199",4.2 out of 5 stars,"22,030"
TIMEWEAR,Analog Day Date Functioning Stainless Steel Chain Watch for Men,319,3.8 out of 5 stars,"12,141"
Matrix,Antique 2.0 Day & Date Softest Silicone Strap Analog Watch for Men & Boys,329,4.2 out of 5 stars,658
LOUIS DEVIN,Silicone Strap Analog Wrist Watch for Men (Black/Blue/Red) | LD-BK054,389,3.9 out of 5 stars,"2,733"
TIMEX,Analog Men's Watch (Dial Colored Strap),957,4.1 out of 5 stars,"15,220"
Fastrack,Analog Unisex-Adult Watch,850,4.1 out of 5 stars,"11,898"
Sonata,White Dial Analog watch For Men-NR7930PP01,625,4.0 out of 5 stars,"10,990"
LOUIS DEVIN,Mesh Steel Chain Analog Wrist Watch for Men (LD-G042),329,3.9 out of 5 stars,"1,202"
Fire-Boltt,"Fire-Boltt Talk 2 Pro Ultra 1.39"" Round Display Stainless Steel Luxury Smart Watch, Bluetooth Calling & 360 Health Monitoring, 123 Sports Modes, Inbuilt Voice Assistant (Black)","1,699",4.2 out of 5 stars,"37,930"
Fire-Boltt,"Fire-Boltt Ninja Call Pro Plus 1.83"" Smart Watch with Bluetooth Calling, AI Voice Assistance, 100 Sports Modes IP67 Rating, 240 * 280 Pixel High Resolution","1,199",4.2 out of 5 stars,"22,030"
boAt,"boAt Wave Call 2 with 1.83"" HD Display, Advanced BT Calling, DIY Watch Face Studio, Coins, 700+Active Modes, Live Cricket Scores, Smart Watch for Men & Women(Active Black)","1,399",3.9 out of 5 stars,"70,762"
Fire-Boltt,"Fire-Boltt Lumos Stainless Steel Luxury Smart Watch with 1.91” Large Display, Bluetooth Calling, Voice Assistant, 100+ Sports Modes","1,499",4.1 out of 5 stars,"27,437"
Noise,"Noise Halo Plus Elite Edition Smartwatch with 1.46"" Super AMOLED Display, Stainless Steel Finish Metallic Straps, 4-Stage Sleep Tracker, Smart Watch for Men and Women (Elite Silver)","3,499",4.1 out of 5 stars,"8,402"
Fastrack,Analog Men's Watch,795,4.3 out of 5 stars,"2,447"
Titan,Karishma Analog Black Dial Men's Watch NM1639SM02/NN1639SM02,"1,995",4.3 out of 5 stars,"1,716"
TIMEWEAR,Analog Slim Two Hands Leather Strap Watches for Men,339,3.7 out of 5 stars,"14,114"
Fossil,Chronograph White Dial Men's Watch-CH2882,"5,946",4.3 out of 5 stars,"3,673"
Noise,"NoiseFit Halo 1.43"" AMOLED Display, Bluetooth Calling Round Dial Smart Watch, Premium Metallic Build, Always on Display, Smart Gesture Control, 100 Sports Modes (Vintage Brown)","2,799",4.1 out of 5 stars,"8,402"
V2A,Chronograph Analogue and Digital Sports Watch for Men | Watch for Men | Wrist Watch for Men | Mens Watch | Watch,799,3.8 out of 5 stars,"3,191"
Fastrack,Fastrack Analog Blue Dial Men's Casual Watch,"1,645",4.1 out of 5 stars,104
Fossil,Fossil Chronograph Black Dial Men's Watch-CH2891,"6,248",4.2 out of 5 stars,"9,194"
Fastrack,"Fastrack New Limitless Classic|Large 1.91"" Super UltraVU Display|Functional Crown|Highest 320x385 Pixel Resolution|SingleSync BT Calling|100+ Sports Modes|Metal Case Premium Smartwatch - Black Mesh","2,495",3.9 out of 5 stars,"4,290"
Casio,Enticer Analog Dial Watch,"5,995",4.3 out of 5 stars,"5,407"
Titan,Blue Dial and Band Analog Stainless Steel Watch for Men -1805QM01,"6,156",4.3 out of 5 stars,143
Titan,"Titan Crest Premium Mesh Strap Smartwatch|1.43"" AMOLED Display with AOD|466x466 Pixel Resolution|Functional Crown|SingleSync BT Calling|Advanced Chipset|100+ Sports Modes&WatchfacesIP68","7,994",3.8 out of 5 stars,801
Armani Exchange,Armani Exchange Analog Black Dial Silver Band Men's Stainless Steel Watch-AX2600,"8,997",4.2 out of 5 stars,98
Fossil,Nate Chronograph Grey Dial and Band Men's Stainless Steel Watch - JR1437,"8,997",4.1 out of 5 stars,"2,634"
Carlington,"Iconic 2043 Analog Watch for Men with Premium PU Strap, Scratch-Resistant Stainless Steel Dial, and Water-Resistant Body – Perfect Formal Watch for Office","1,199",,
Titan,Gents Karishma Analog Blue Dial Men's Watch NM1825KM01/NN1825KM01/NP1825KM01,"3,515",3.8 out of 5 stars,106
Fastrack,Analog Black Dial Men's Casual Watch,"3,195",3.3 out of 5 stars,3
Fossil,Stainless Steel Analog Watch,"9,622",4.4 out of 5 stars,475
Armani Exchange,Armani Exchange Analog White Dial Men's Watch-AX4160,"9,995",3.8 out of 5 stars,214
Fire-Boltt,"Fire-Boltt Ninja Call Pro Max 2.01” Display Smart Watch, Bluetooth Calling, 120+ Sports Modes, Health Suite, Voice Assistance","1,299",4.2 out of 5 stars,"22,030"
Fossil,Sullivan Analog Black Dial Men's Watch-BQ2457,"8,995",4.3 out of 5 stars,54
Noise,"Noise Quad Call 1.81"" Display, Bluetooth Calling Smart Watch, AI Voice Assistance, 160+Hrs Battery Life, Metallic Build, in-Built Games, 100 Sports Modes, 100+ Watch Faces (Elite Black)","1,599",4.0 out of 5 stars,"116,415"
Titan,Anthracite Dial Analog Watch for Men -1885SL03,"4,694",4.0 out of 5 stars,13
Fire-Boltt,"Fire-Boltt Lumos Stainless Steel Luxury Smart Watch with 1.91” Large Display, Bluetooth Calling, Voice Assistant, 100+ Sports Modes","1,499",4.1 out of 5 stars,"27,437"
Fire-Boltt,"Fire-Boltt Strike Smart Watch 1.95” AMOLED Display, 800 NITS Brightness, 123 Sports Modes, Bluetooth Calling, Always On Mechanism","1,749",4.0 out of 5 stars,753
CIGA Design,Aircraft Carrier Analog Black Dial Men's Watch-Z061-IPTI-W5BK,"38,250",,
Fire-Boltt,"Fire-Boltt Gladiator 1.96"" Biggest Display Smart Watch with Bluetooth Calling, Voice Assistant &123 Sports Modes, 8 Unique UI Interactions, SpO2, 24/7 Heart Rate Tracking (Black)","1,499",4.1 out of 5 stars,"7,188"
Casio,Stainless Steel Vintage Digital Multicolor Dial Unisex A168Wa-1Wdf ( D131 ),"2,695",4.5 out of 5 stars,"2,789"
Fossil,Fossil Stainless Steel Fenmore Analog Black Dial Men's Watch-Bq2365,"8,697",4.3 out of 5 stars,"1,484"
Fastrack,Fundamentals Analog Stainless Steel Blue Dial Silver Band Men's Watch-NN38051SM03/NR38051SM03,"1,650",4.2 out of 5 stars,"1,498"
Fossil,Fossil Gen 6 Display Wellness Edition Black Smartwatch FTW4069,"9,598",3.7 out of 5 stars,"2,026"
TIMEWEAR,Analog New Track Number Dial Day Date Functioning Leather Strap Watch for Men,329,3.7 out of 5 stars,998
Fire-Boltt,"Fire-Boltt Ninja Call Pro Plus 1.83"" Smart Watch with Bluetooth Calling, AI Voice Assistance, 100 Sports Modes IP67 Rating, 240 * 280 Pixel High Resolution","1,199",4.2 out of 5 stars,"22,030"
Sonata,Poze Quartz Analog Green Dial Metal Strap Watch for Men_SP70033SM01W,"1,500",,
